id,carMake,carModel,color,price,endDate
1,Lamborghini,Murciélago LP640,Crimson,72881.95,2019-06-12
2,Ford,Taurus,Puce,40959.88,2018-12-06
3,Saab,9-5,Pink,50702.75,2019-06-25
4,Volkswagen,Touareg,Turquoise,108736.81,2018-08-22
5,Dodge,Grand Caravan,Puce,141322.0,2019-04-19
6,Ford,Explorer,Crimson,60457.63,2019-02-06
7,Kia,Sportage,Green,116596.84,2018-08-19
8,Acura,TSX,Maroon,134397.14,2019-06-03
9,Porsche,911,Mauv,123910.13,2018-11-17
10,Infiniti,FX,Crimson,108825.03,2019-07-13
11,Ferrari,F430,Khaki,88660.08,2019-04-08
12,Toyota,RAV4,Blue,119319.94,2019-03-08
13,Buick,Park Avenue,Crimson,88987.24,2018-12-02
14,Aston Martin,Vantage,Turquoise,94861.66,2018-08-02
15,Mercury,Capri,Mauv,71573.43,2018-11-18
16,Cadillac,Catera,Puce,32387.38,2018-10-26
17,Chevrolet,Uplander,Orange,85805.29,2018-09-12
18,Lincoln,Town Car,Aquamarine,81684.83,2018-08-11
19,Saturn,VUE,Green,48778.35,2018-08-23
20,Saab,9000,Orange,138783.84,2018-12-28
21,GMC,Savana 2500,Aquamarine,4518.72,2019-07-14
22,Porsche,Cayenne,Violet,93412.6,2018-12-17
23,Audi,Q5,Pink,90429.21,2018-09-01
24,Dodge,Journey,Teal,46658.23,2018-09-25
25,Acura,TL,Violet,16006.05,2019-07-28
26,Ford,Econoline E250,Puce,80209.36,2018-11-22
27,Lamborghini,Gallardo,Puce,71678.94,2018-11-10
28,Ford,Ranger,Violet,91560.61,2019-06-17
29,Nissan,Sentra,Red,110700.2,2018-10-10
30,Honda,Pilot,Maroon,15820.65,2019-04-03
31,Chevrolet,Avalanche,Fuscia,50289.8,2019-07-10
32,Subaru,Forester,Purple,30124.33,2018-10-14
33,Chrysler,PT Cruiser,Indigo,15912.07,2018-10-03
34,Mercedes-Benz,E-Class,Pink,78513.93,2018-11-04
35,Kia,Rondo,Indigo,1435.45,2018-09-22
36,Audi,R8,Indigo,135745.64,2018-10-10
37,Volkswagen,Eurovan,Orange,135228.93,2019-02-21
38,Hyundai,Sonata,Violet,5741.2,2019-02-27
39,Subaru,Legacy,Fuscia,68502.79,2018-10-15
40,Lexus,LX,Maroon,83499.86,2018-12-06
41,Jeep,Grand Cherokee,Aquamarine,103272.65,2018-10-17
42,GMC,Sierra 1500,Violet,143434.32,2018-11-09
43,Mercedes-Benz,CLK-Class,Yellow,147248.21,2018-12-14
44,Ford,Escape,Violet,108909.01,2018-11-29
45,Ford,E250,Mauv,105893.43,2018-11-27
46,Chevrolet,Tahoe,Blue,78969.08,2019-02-01
47,GMC,Sierra 3500,Purple,36483.7,2019-07-09
48,Mitsubishi,Galant,Purple,56223.7,2019-04-13
49,Oldsmobile,Alero,Khaki,115511.34,2019-07-21
50,Acura,RL,Pink,105182.45,2018-10-15
51,Land Rover,Range Rover,Goldenrod,20728.99,2019-03-23
52,Volkswagen,Golf,Green,71793.11,2018-11-23
53,Scion,tC,Maroon,35242.95,2018-09-08
54,Suzuki,Vitara,Purple,79232.62,2018-10-30
55,Audi,A6,Khaki,77235.13,2018-12-24
56,BMW,6 Series,Teal,72629.5,2019-05-15
57,Mercedes-Benz,E-Class,Khaki,90938.36,2019-02-19
58,Mazda,Mazdaspeed 3,Red,65712.19,2019-07-01
59,Ford,Tempo,Goldenrod,14120.5,2018-11-14
60,Volkswagen,Golf,Maroon,31746.12,2019-04-04
61,Nissan,Murano,Blue,80367.65,2019-02-08
62,Infiniti,QX,Puce,128339.96,2018-09-29
63,Chevrolet,Aveo,Purple,30864.0,2019-03-03
64,Lincoln,Continental Mark VII,Orange,125134.89,2019-07-18
65,Toyota,MR2,Pink,52337.2,2019-05-14
66,Mercedes-Benz,C-Class,Blue,44753.13,2018-08-23
67,Volvo,960,Puce,61624.86,2019-05-17
68,Lexus,LX,Pink,112920.44,2019-05-28
69,Honda,S2000,Purple,87696.56,2019-05-11
70,Audi,R8,Yellow,108328.11,2018-12-19
71,Mitsubishi,Montero,Fuscia,100703.28,2018-12-22
72,Chevrolet,2500,Pink,144061.59,2018-10-12
73,Mercury,Sable,Pink,149093.44,2019-01-30
74,Lexus,SC,Orange,52913.86,2019-07-29
75,Volkswagen,Eurovan,Teal,16879.2,2018-10-17
76,Mazda,Mazda2,Puce,144387.39,2018-10-04
77,Cadillac,STS,Mauv,115347.74,2019-03-30
78,Mitsubishi,Galant,Orange,92817.59,2018-10-31
79,Nissan,Maxima,Goldenrod,147766.65,2018-10-17
80,Ford,EXP,Yellow,132410.23,2019-06-16
81,Kia,Rio,Teal,71052.73,2018-10-03
82,Nissan,Xterra,Aquamarine,79383.65,2019-05-13
83,Lexus,LX,Puce,147425.9,2019-05-02
84,Lexus,LX,Mauv,18192.02,2019-05-11
85,Mazda,B-Series,Aquamarine,133683.99,2018-12-02
86,GMC,Savana 1500,Mauv,75740.73,2018-12-23
87,GMC,Savana 3500,Turquoise,12363.02,2018-08-24
88,Toyota,Paseo,Crimson,53289.92,2019-02-12
89,Chevrolet,S10,Red,83822.95,2019-07-25
90,Pontiac,Bonneville,Pink,99583.66,2019-06-26
91,Toyota,TundraMax,Aquamarine,2735.98,2018-11-01
92,Ford,Thunderbird,Aquamarine,129153.46,2018-09-13
93,Ford,Contour,Blue,10660.85,2019-05-07
94,BMW,3 Series,Mauv,78514.08,2019-06-21
95,Ford,F150,Mauv,77768.2,2018-08-02
96,Honda,Fit,Puce,77289.37,2019-06-24
97,Chevrolet,Sportvan G10,Turquoise,36111.63,2019-06-13
98,Pontiac,Firebird Formula,Mauv,53746.03,2018-10-29
99,Hummer,H1,Indigo,79604.98,2019-03-24
100,Volvo,C70,Purple,6360.82,2018-11-18
101,Dodge,Dakota Club,Aquamarine,86677.61,2019-01-27
102,Volvo,XC90,Yellow,93440.77,2018-08-15
103,Saab,9-7X,Maroon,133134.72,2018-12-19
104,Toyota,Sequoia,Orange,121741.7,2018-12-02
105,Lexus,IS,Aquamarine,25408.54,2019-06-26
106,Lincoln,Town Car,Turquoise,10944.11,2018-10-19
107,Spyker,C8,Goldenrod,43746.35,2019-06-20
108,Ford,Windstar,Orange,87202.6,2019-07-16
109,Toyota,Celica,Turquoise,49334.43,2019-06-29
110,Dodge,Journey,Green,85486.23,2019-03-27
111,Ferrari,458 Italia,Green,119213.6,2019-01-01
112,Hyundai,Tucson,Turquoise,134366.52,2018-11-16
113,BMW,3 Series,Red,116725.5,2018-10-10
114,Suzuki,Samurai,Teal,35622.64,2018-12-21
115,GMC,Envoy XL,Yellow,114844.21,2019-03-17
116,Buick,Century,Yellow,87745.53,2019-01-12
117,Buick,Riviera,Purple,145392.18,2019-04-03
118,Hyundai,Sonata,Green,61603.26,2018-11-25
119,Chrysler,300,Pink,95937.87,2018-11-05
120,Chevrolet,Express 2500,Fuscia,12048.01,2018-09-12
121,Volkswagen,Touareg,Aquamarine,28816.96,2019-02-05
122,Buick,Skyhawk,Green,14874.62,2019-01-14
123,Chevrolet,3500,Puce,2668.07,2018-12-31
124,Subaru,Forester,Aquamarine,124933.09,2019-03-19
125,Audi,A6,Purple,60621.19,2018-11-16
126,Chevrolet,Camaro,Yellow,35123.48,2019-05-04
127,Mitsubishi,Eclipse,Turquoise,126628.68,2018-09-11
128,Ford,E-Series,Yellow,17043.59,2018-08-26
129,Mazda,Mazda3,Indigo,143425.96,2018-12-13
130,Dodge,Durango,Mauv,133679.42,2019-03-28
131,Chevrolet,Suburban 1500,Indigo,16895.49,2019-01-25
132,Hyundai,Accent,Mauv,40138.9,2019-01-22
133,Jeep,Liberty,Green,96589.03,2019-07-30
134,Lincoln,Continental,Mauv,131287.12,2019-03-01
135,Audi,90,Blue,128944.09,2018-09-16
136,Chevrolet,Express 3500,Fuscia,132742.83,2019-04-20
137,Dodge,Intrepid,Yellow,113517.16,2019-07-05
138,Dodge,Ram Van B350,Teal,119236.98,2019-04-11
139,Isuzu,Hombre Space,Crimson,9480.77,2018-10-04
140,Isuzu,Trooper,Red,51529.24,2019-05-18
141,Hyundai,Santa Fe,Maroon,54668.2,2019-03-19
142,Ford,Taurus,Goldenrod,62523.53,2019-01-12
143,Porsche,911,Indigo,96522.34,2018-10-17
144,Toyota,Land Cruiser,Puce,26733.79,2019-02-09
145,Infiniti,QX,Yellow,4512.97,2018-11-13
146,Dodge,Ram Van 2500,Violet,147089.68,2018-12-28
147,Toyota,Sequoia,Goldenrod,70552.44,2018-09-08
148,Acura,ZDX,Blue,100560.46,2018-11-08
149,GMC,Yukon,Crimson,4202.53,2019-01-05
150,Holden,VS Commodore,Khaki,61184.74,2019-04-18
151,Ford,Freestar,Goldenrod,65202.58,2019-02-24
152,Mitsubishi,Lancer Evolution,Pink,17486.35,2019-04-05
153,Mitsubishi,Starion,Fuscia,30366.48,2018-08-30
154,Ford,Ranger,Turquoise,22068.82,2018-08-23
155,Land Rover,Discovery,Indigo,32932.28,2019-01-02
156,Nissan,Altima,Violet,45689.67,2019-04-18
157,Mazda,RX-8,Puce,140239.07,2019-06-26
158,Volkswagen,GTI,Maroon,74075.46,2018-10-17
159,Toyota,Sequoia,Aquamarine,51027.37,2018-11-25
160,Suzuki,Vitara,Violet,68101.1,2018-12-20
161,Mazda,B-Series,Aquamarine,146580.76,2019-05-11
162,Ford,Econoline E150,Fuscia,14186.57,2018-09-06
163,Oldsmobile,Cutlass,Teal,98424.49,2019-06-04
164,Cadillac,DTS,Crimson,95635.71,2019-03-24
165,Isuzu,Rodeo,Indigo,37095.39,2018-10-26
166,Buick,Reatta,Red,25129.49,2018-09-30
167,Honda,Passport,Turquoise,89845.99,2018-09-08
168,Kia,Sedona,Indigo,11544.84,2018-10-11
169,Volkswagen,GLI,Crimson,79348.95,2018-09-25
170,Lexus,SC,Turquoise,104007.37,2019-05-13
171,Honda,CR-V,Goldenrod,144953.11,2019-06-04
172,Plymouth,Colt Vista,Khaki,117956.86,2019-04-23
173,Ford,E-Series,Fuscia,108930.52,2018-12-10
174,Hyundai,Sonata,Goldenrod,109912.57,2019-04-19
175,Ford,F150,Orange,135935.74,2019-07-12
176,Mercedes-Benz,E-Class,Green,102711.26,2019-06-03
177,Acura,NSX,Pink,9178.47,2019-02-25
178,Mazda,Mazda5,Yellow,98511.36,2019-07-01
179,Isuzu,Ascender,Fuscia,106933.82,2019-03-12
180,GMC,Sierra,Fuscia,89750.78,2018-11-11
181,Chevrolet,Express 2500,Indigo,143408.67,2019-03-21
182,Dodge,Caravan,Fuscia,16871.88,2019-01-27
183,Chevrolet,Suburban 1500,Maroon,44882.87,2019-01-01
184,Chevrolet,Suburban 1500,Red,117101.76,2018-11-01
185,Chrysler,Town & Country,Indigo,22288.75,2019-04-29
186,BMW,X5,Violet,50800.87,2018-09-13
187,Acura,TL,Teal,104387.76,2019-06-08
188,GMC,Rally Wagon G3500,Maroon,56683.54,2018-08-28
189,Chrysler,Concorde,Violet,133777.54,2019-03-03
190,Jaguar,XJ Series,Red,25355.94,2019-06-26
191,Mazda,626,Yellow,116021.91,2018-11-10
192,Lexus,SC,Purple,34364.33,2018-08-07
193,Mercedes-Benz,E-Class,Khaki,84580.11,2019-03-27
194,Audi,4000CS Quattro,Yellow,24085.96,2018-12-25
195,MINI,Cooper Clubman,Violet,18278.64,2018-10-02
196,Porsche,911,Mauv,101924.25,2018-12-23
197,Pontiac,Firebird,Aquamarine,129579.41,2019-02-15
198,Porsche,Cayenne,Crimson,134651.73,2018-11-15
199,Acura,NSX,Teal,134847.23,2019-07-21
200,Pontiac,Montana,Pink,121539.15,2018-10-03
201,BMW,M Roadster,Green,126073.61,2018-11-04
202,Chevrolet,Suburban 2500,Khaki,37197.82,2018-09-08
203,Aston Martin,DB9 Volante,Crimson,32279.79,2019-03-05
204,Ford,Courier,Maroon,101882.41,2019-05-13
205,Mercury,Grand Marquis,Violet,69399.39,2019-02-20
206,MINI,Cooper,Puce,112382.56,2019-05-27
207,Ford,Mustang,Fuscia,113588.58,2019-04-13
208,Dodge,Grand Caravan,Blue,128253.62,2019-07-04
209,GMC,Sierra 3500,Red,4346.49,2019-01-27
210,Porsche,911,Blue,87501.29,2019-04-11
211,Chevrolet,SSR,Yellow,71682.93,2019-05-01
212,Chevrolet,Express 2500,Fuscia,37989.09,2019-03-09
213,Mitsubishi,Eclipse,Orange,146478.38,2019-05-09
214,Lexus,LS,Teal,41427.49,2019-05-22
215,Jaguar,XK,Violet,79812.89,2018-10-23
216,Saturn,Sky,Indigo,81060.86,2018-10-22
217,Mercury,Montego,Red,18695.53,2019-01-09
218,Toyota,Corolla,Puce,50981.41,2019-02-18
219,Mercury,Topaz,Turquoise,74144.55,2019-07-26
220,Saab,9-3,Yellow,54375.87,2019-05-03
221,Subaru,Forester,Fuscia,122809.81,2018-09-21
222,Chevrolet,HHR,Pink,22542.56,2018-10-03
223,Honda,S2000,Purple,4766.36,2018-11-13
224,Jaguar,XK,Goldenrod,32464.45,2019-05-07
225,Lexus,GS,Green,142133.85,2019-06-03
226,Mercury,Topaz,Aquamarine,48366.47,2019-05-17
227,Dodge,Dakota,Green,140705.31,2018-12-17
228,Subaru,Tribeca,Pink,1332.53,2019-05-07
229,Mazda,Mazda2,Crimson,96186.09,2018-08-23
230,Toyota,MR2,Fuscia,49506.42,2018-10-19
231,GMC,Safari,Violet,48392.8,2019-07-26
232,Volkswagen,Cabriolet,Indigo,149413.86,2019-01-16
233,Lincoln,Town Car,Maroon,120109.46,2019-04-27
234,GMC,Sierra 2500,Teal,122706.46,2019-04-16
235,Kia,Optima,Maroon,53633.65,2018-11-18
236,BMW,6 Series,Khaki,8548.1,2018-10-11
237,Mazda,Protege,Puce,43857.57,2018-08-27
238,Nissan,Xterra,Green,62446.56,2019-06-21
239,Mitsubishi,Mirage,Purple,48331.58,2019-02-22
240,Hummer,H1,Indigo,140260.08,2018-09-18
241,Fiat,Nuova 500,Puce,16602.8,2018-11-24
242,Pontiac,Firebird,Blue,98556.96,2018-11-17
243,Rolls-Royce,Phantom,Aquamarine,2760.91,2019-07-08
244,Volkswagen,Eurovan,Teal,40458.56,2018-09-03
245,Lincoln,Continental,Orange,58064.12,2019-07-16
246,Honda,Prelude,Pink,3697.05,2019-01-22
247,Maserati,430,Pink,111638.91,2019-05-25
248,Ford,Crown Victoria,Yellow,101235.48,2019-07-22
249,Toyota,Previa,Teal,76277.95,2018-08-08
250,Land Rover,Range Rover Sport,Khaki,72411.96,2018-08-16
251,Chrysler,Fifth Ave,Khaki,107831.64,2018-08-21
252,Saturn,VUE,Aquamarine,143624.2,2019-07-30
253,Chevrolet,G-Series 1500,Blue,95683.49,2019-03-05
254,Mitsubishi,Montero,Fuscia,62061.15,2019-07-08
255,Hyundai,XG350,Mauv,99843.16,2018-12-18
256,Daihatsu,Charade,Khaki,67491.69,2018-12-26
257,Suzuki,Aerio,Indigo,113491.85,2018-12-29
258,Dodge,Avenger,Fuscia,58034.99,2018-10-14
259,GMC,Safari,Orange,55568.52,2018-12-21
260,Acura,MDX,Fuscia,29417.99,2019-03-17
261,Ford,Escort ZX2,Indigo,103582.64,2018-11-10
262,Suzuki,Esteem,Turquoise,114050.33,2018-11-20
263,Mercury,Tracer,Mauv,23083.08,2018-09-20
264,Pontiac,Grand Am,Red,21705.41,2018-09-23
265,BMW,325,Goldenrod,133101.86,2019-02-26
266,Buick,Coachbuilder,Blue,77109.69,2018-09-18
267,Mitsubishi,Raider,Mauv,145494.57,2019-02-04
268,Ford,Thunderbird,Purple,3367.62,2018-10-08
269,Mercedes-Benz,E-Class,Turquoise,39437.5,2019-03-11
270,BMW,530,Indigo,62648.56,2019-04-07
271,Chevrolet,Silverado,Fuscia,138345.7,2019-03-07
272,Maybach,57,Red,84910.21,2019-02-14
273,Chevrolet,HHR,Green,145478.4,2019-05-29
274,Ford,Mustang,Goldenrod,25940.31,2018-12-21
275,Kia,Spectra,Crimson,14810.98,2019-03-13
276,Geo,Storm,Yellow,112620.3,2019-02-27
277,Pontiac,Bonneville,Red,119395.77,2018-09-05
278,Chevrolet,Avalanche,Puce,79856.62,2018-12-16
279,Volvo,940,Blue,101582.42,2018-12-07
280,Toyota,FJ Cruiser,Blue,34364.33,2018-11-19
281,Chrysler,LeBaron,Mauv,132504.85,2018-12-03
282,Lincoln,Navigator,Green,85117.5,2019-05-11
283,Volvo,V70,Fuscia,81194.76,2019-03-12
284,Volkswagen,Corrado,Pink,44240.13,2018-08-07
285,Mazda,Protege,Goldenrod,8714.08,2018-12-18
286,Jeep,Patriot,Mauv,49536.02,2019-01-10
287,Nissan,Sentra,Mauv,2102.17,2018-08-15
288,Chevrolet,Camaro,Orange,18895.39,2018-09-29
289,Nissan,GT-R,Goldenrod,111633.49,2019-06-10
290,Lotus,Elise,Maroon,51793.5,2018-10-29
291,Nissan,350Z,Teal,52728.19,2018-11-08
292,Dodge,Dynasty,Mauv,99379.48,2019-05-25
293,Toyota,RAV4,Red,56020.01,2018-10-23
294,Lincoln,Town Car,Turquoise,60096.31,2018-10-28
295,Suzuki,Aerio,Orange,36141.25,2018-10-03
296,Hummer,H3,Blue,107546.3,2018-12-01
297,BMW,7 Series,Crimson,118819.51,2019-03-31
298,Dodge,Grand Caravan,Maroon,8705.41,2019-06-11
299,Oldsmobile,Alero,Aquamarine,34740.37,2018-08-11
300,Dodge,Durango,Purple,31995.64,2019-03-07
301,Mercedes-Benz,M-Class,Red,67466.29,2019-02-13
302,Mitsubishi,Mirage,Red,20653.03,2019-04-26
303,Toyota,Land Cruiser,Turquoise,136176.35,2019-01-01
304,Land Rover,Discovery,Crimson,45984.01,2019-03-16
305,Toyota,Previa,Crimson,73180.01,2019-03-06
306,BMW,X6 M,Maroon,9931.57,2019-07-04
307,Mercury,Cougar,Blue,116178.77,2019-04-14
308,Cadillac,Escalade EXT,Orange,76830.63,2018-09-14
309,Bentley,Continental GT,Red,69442.48,2019-01-25
310,Nissan,Sentra,Khaki,56979.02,2018-10-16
311,Mercury,Mountaineer,Fuscia,69262.17,2019-05-24
312,GMC,Savana 3500,Purple,141577.06,2018-11-04
313,Acura,MDX,Indigo,18005.49,2019-07-07
314,Chevrolet,3500,Mauv,19151.81,2018-08-06
315,Mitsubishi,Galant,Green,18155.12,2019-05-04
316,Jeep,Liberty,Turquoise,53962.86,2018-11-30
317,Mitsubishi,GTO,Red,34854.22,2019-06-04
318,Dodge,Intrepid,Khaki,92079.08,2019-05-25
319,Lexus,SC,Indigo,67163.36,2019-07-28
320,Panoz,Esperante,Khaki,140800.46,2018-12-19
321,Isuzu,Stylus,Blue,38760.93,2018-10-30
322,Ford,Flex,Puce,7277.18,2018-09-10
323,Dodge,Ram 3500,Fuscia,16730.16,2019-02-24
324,Chevrolet,Silverado 3500,Khaki,30069.59,2019-06-14
325,Mercedes-Benz,CLK-Class,Aquamarine,94738.0,2019-04-07
326,Dodge,Viper,Puce,48605.4,2018-11-14
327,MINI,Cooper,Aquamarine,50733.24,2019-02-21
328,GMC,Savana 2500,Purple,101242.4,2019-02-02
329,Ford,Explorer Sport Trac,Purple,116808.26,2018-12-15
330,Volvo,S60,Maroon,93928.88,2019-03-07
331,Toyota,MR2,Purple,144360.43,2019-06-06
332,Buick,Estate,Goldenrod,100979.32,2018-09-03
333,GMC,Sierra 3500,Turquoise,63101.88,2019-03-06
334,Infiniti,G35,Yellow,111082.09,2018-11-24
335,Audi,TT,Red,32412.93,2018-10-23
336,Audi,Quattro,Purple,60643.36,2019-05-17
337,BMW,Z4,Mauv,51416.07,2019-03-29
338,Chrysler,Town & Country,Purple,76014.61,2019-06-24
339,Nissan,Sentra,Fuscia,142366.94,2019-06-10
340,Chrysler,PT Cruiser,Khaki,106617.35,2019-07-14
341,Chrysler,LHS,Green,63300.6,2019-06-19
342,Ford,Aspire,Green,75414.84,2019-06-24
343,Chrysler,Town & Country,Green,1571.99,2018-12-18
344,Chevrolet,Silverado,Yellow,18590.45,2018-10-01
345,Dodge,Neon,Fuscia,27739.03,2019-03-11
346,GMC,Rally Wagon 2500,Puce,104016.6,2019-06-28
347,Kia,Sorento,Orange,78026.16,2019-05-15
348,Chevrolet,G-Series G30,Yellow,23323.41,2019-06-04
349,Chevrolet,1500,Aquamarine,6904.08,2019-02-28
350,Cadillac,Eldorado,Mauv,13422.71,2019-06-07
351,Toyota,MR2,Purple,50073.11,2019-07-27
352,Ford,F-Series,Turquoise,128800.21,2019-04-21
353,Mazda,B-Series,Maroon,142548.77,2019-02-12
354,Oldsmobile,Silhouette,Maroon,123300.39,2019-07-01
355,Mazda,929,Turquoise,29784.02,2018-09-24
356,Mercedes-Benz,S-Class,Indigo,39331.68,2019-01-19
357,Ford,E-Series,Teal,46136.45,2019-01-21
358,Land Rover,Range Rover,Aquamarine,109533.65,2018-08-30
359,Chevrolet,Corvette,Orange,107772.51,2019-06-28
360,Lincoln,MKZ,Crimson,52982.05,2019-01-01
361,Chrysler,LeBaron,Maroon,17737.77,2018-08-20
362,Mitsubishi,Challenger,Blue,14674.44,2019-06-29
363,Jeep,Liberty,Puce,119834.51,2018-12-02
364,Volvo,S40,Maroon,22168.54,2019-04-12
365,Chevrolet,Caprice Classic,Aquamarine,23186.08,2018-09-25
366,Rolls-Royce,Phantom,Blue,85080.22,2018-08-18
367,Chevrolet,Camaro,Turquoise,69689.44,2018-12-19
368,Cadillac,Escalade,Purple,64166.01,2019-02-08
369,Volvo,740,Crimson,32485.09,2019-01-10
370,Nissan,Sentra,Indigo,106692.89,2019-07-10
371,Ford,Escort,Orange,75719.0,2018-10-06
372,Porsche,911,Red,104154.74,2018-08-09
373,Cadillac,Escalade,Pink,69213.35,2018-12-09
374,Cadillac,CTS-V,Maroon,82028.17,2018-11-22
375,Hyundai,Tiburon,Teal,120846.83,2019-03-23
376,Ford,Fusion,Teal,67973.01,2018-08-19
377,Porsche,Boxster,Blue,67644.66,2018-12-01
378,Audi,5000CS,Yellow,2520.54,2019-05-18
379,Mercedes-Benz,M-Class,Purple,112350.88,2019-02-26
380,Volkswagen,Beetle,Pink,81371.28,2019-02-12
381,Audi,Cabriolet,Aquamarine,120730.3,2018-09-04
382,Chevrolet,Blazer,Aquamarine,2721.39,2019-02-25
383,Dodge,Durango,Green,86882.8,2018-12-05
384,Mitsubishi,Montero Sport,Crimson,109196.01,2018-09-07
385,Mercedes-Benz,300SL,Crimson,149961.76,2018-11-29
386,Volkswagen,GTI,Mauv,3801.45,2019-03-21
387,Kia,Borrego,Puce,45858.88,2019-04-18
388,Mercury,Mystique,Aquamarine,76690.98,2019-06-26
389,Chevrolet,Express 3500,Mauv,97459.73,2018-12-04
390,Acura,NSX,Yellow,101922.38,2018-12-08
391,Ford,Fiesta,Green,76830.69,2019-02-27
392,Pontiac,LeMans,Khaki,129756.7,2018-12-29
393,Infiniti,QX,Purple,17185.17,2019-04-18
394,Infiniti,J,Orange,29191.9,2018-11-21
395,Chevrolet,Uplander,Puce,80743.21,2019-03-21
396,Volvo,S60,Red,63822.35,2019-04-20
397,Mitsubishi,Chariot,Violet,147029.22,2018-12-13
398,Panoz,Esperante,Maroon,75098.7,2019-06-23
399,Hyundai,Tucson,Blue,101042.94,2018-11-01
400,Toyota,Sequoia,Mauv,3027.01,2019-07-04
401,Acura,TL,Red,121404.86,2018-08-18
402,Volvo,V70,Blue,103846.53,2019-03-24
403,Ford,Bronco II,Khaki,139201.08,2018-08-21
404,Mercedes-Benz,SLK-Class,Goldenrod,75413.98,2019-05-22
405,Honda,Prelude,Crimson,70048.75,2019-04-08
406,Nissan,300ZX,Violet,117472.66,2019-06-24
407,Holden,VS Commodore,Teal,134881.78,2019-02-16
408,Nissan,Pathfinder,Violet,2740.98,2018-11-21
409,BMW,1 Series,Green,16173.14,2019-06-27
410,Audi,A4,Teal,128781.04,2018-10-06
411,Plymouth,Neon,Puce,83395.54,2018-12-05
412,Jeep,Liberty,Puce,24023.65,2019-02-17
413,Pontiac,Firebird,Puce,19871.78,2019-01-04
414,Lexus,RX,Orange,77427.72,2019-03-15
415,Dodge,Ram Van B150,Khaki,5540.84,2019-06-24
416,Buick,Skylark,Mauv,91302.48,2018-12-29
417,Chevrolet,Sportvan G30,Green,71785.9,2018-11-25
418,Lincoln,Continental,Mauv,46025.29,2019-01-22
419,GMC,Vandura 2500,Aquamarine,2861.57,2018-10-14
420,Jeep,Compass,Khaki,13632.94,2018-09-17
421,Volkswagen,Touareg,Crimson,146044.18,2018-08-12
422,Acura,Integra,Yellow,136392.43,2019-02-06
423,Chevrolet,Camaro,Yellow,95245.79,2018-10-14
424,Mercury,Tracer,Teal,118008.2,2019-01-23
425,Buick,Century,Teal,70829.26,2018-09-22
426,Mitsubishi,Diamante,Aquamarine,84367.88,2019-04-14
427,Oldsmobile,Cutlass,Goldenrod,32874.2,2019-06-22
428,Chevrolet,Tracker,Puce,60682.09,2018-12-26
429,Audi,A4,Green,64359.5,2019-04-18
430,Chevrolet,Silverado 1500,Indigo,55258.85,2018-09-19
431,Audi,S5,Indigo,52402.14,2019-04-28
432,Mazda,Miata MX-5,Red,3082.03,2019-03-22
433,Mercury,Mystique,Puce,128387.05,2019-06-25
434,Mercedes-Benz,CLK-Class,Red,118372.27,2018-10-30
435,Hummer,H3T,Aquamarine,42040.98,2019-03-29
436,Suzuki,Grand Vitara,Khaki,109418.09,2018-10-15
437,Hyundai,Equus,Puce,1260.95,2019-07-07
438,Mitsubishi,Diamante,Crimson,62497.45,2019-07-08
439,Volkswagen,Jetta III,Blue,92636.89,2019-01-01
440,Jaguar,XJ Series,Teal,39274.28,2019-03-19
441,Chevrolet,Camaro,Purple,113934.58,2019-03-31
442,Lotus,Elise,Purple,119071.76,2019-02-22
443,Toyota,Highlander,Teal,110332.95,2019-07-27
444,GMC,Sierra 3500,Violet,17392.55,2018-09-15
445,Kia,Sedona,Turquoise,100488.22,2018-08-26
446,Toyota,Highlander Hybrid,Blue,48670.45,2018-11-26
447,Mercury,Mystique,Khaki,81327.44,2019-04-04
448,Suzuki,Daewoo Lacetti,Green,30074.56,2018-10-14
449,Volvo,V70,Red,24448.58,2018-08-06
450,Cadillac,Eldorado,Aquamarine,47628.41,2018-08-25
451,Saturn,Ion,Crimson,27269.23,2019-01-07
452,Toyota,4Runner,Indigo,89966.36,2018-09-12
453,Ford,Expedition EL,Crimson,125861.39,2018-11-20
454,Ford,Aspire,Orange,124918.83,2018-11-29
455,Mazda,B-Series Plus,Green,68274.64,2018-12-11
456,GMC,Rally Wagon G3500,Aquamarine,76964.96,2018-09-04
457,BMW,5 Series,Blue,119200.95,2018-08-04
458,Toyota,Matrix,Puce,143714.46,2018-12-17
459,Jaguar,XK Series,Indigo,146787.37,2018-09-04
460,Dodge,Dakota,Orange,81624.85,2018-08-17
461,Volkswagen,rio,Pink,95543.28,2018-10-16
462,Geo,Tracker,Puce,90665.1,2018-10-21
463,Cadillac,CTS,Blue,73888.54,2019-06-13
464,Toyota,Solara,Purple,35826.07,2019-04-20
465,Jeep,Wrangler,Khaki,9791.35,2019-04-28
466,Isuzu,i-370,Blue,111728.7,2019-04-22
467,BMW,X3,Blue,67084.91,2019-01-19
468,Chevrolet,Silverado 1500,Turquoise,57321.89,2018-10-13
469,Ford,Crown Victoria,Pink,7194.12,2018-10-11
470,Ford,Escort,Crimson,113325.81,2019-07-20
471,Saab,9-5,Maroon,62623.1,2019-03-30
472,Isuzu,Amigo,Orange,62686.24,2019-06-17
473,Ford,Explorer,Indigo,88545.64,2019-05-09
474,Toyota,Corolla,Aquamarine,24550.54,2019-03-04
475,Pontiac,Grand Prix,Blue,3785.55,2019-02-14
476,Ford,Edge,Yellow,15153.64,2019-05-07
477,Hyundai,Veracruz,Green,5139.36,2019-01-13
478,Toyota,Prius c,Khaki,115979.25,2019-06-19
479,Mazda,MX-6,Blue,3484.77,2019-04-01
480,Jeep,Wrangler,Green,105935.31,2018-08-31
481,Ford,Explorer,Green,38110.64,2019-04-21
482,Mitsubishi,Galant,Red,128851.41,2018-10-28
483,Pontiac,Sunbird,Purple,88064.08,2019-04-27
484,Mercedes-Benz,500SL,Aquamarine,60619.64,2018-09-01
485,Jaguar,S-Type,Puce,45459.6,2019-01-13
486,Honda,Odyssey,Puce,66993.58,2019-05-11
487,Mercedes-Benz,C-Class,Fuscia,104863.36,2018-11-28
488,GMC,Savana 2500,Fuscia,108667.91,2019-02-17
489,Chevrolet,Suburban 1500,Puce,133810.72,2018-08-28
490,GMC,Savana 3500,Fuscia,52160.48,2019-04-12
491,Land Rover,Range Rover,Khaki,130533.85,2019-02-03
492,Audi,Q5,Mauv,108310.77,2018-10-09
493,Cadillac,CTS-V,Aquamarine,10338.6,2019-05-26
494,Lotus,Esprit,Green,132656.24,2018-12-25
495,Jaguar,S-Type,Indigo,27289.08,2019-02-06
496,Volvo,S80,Crimson,44441.8,2018-10-27
497,Acura,RDX,Yellow,93640.12,2019-03-01
498,Chrysler,Town & Country,Pink,43952.68,2019-06-29
499,BMW,X5,Green,42492.8,2019-01-14
500,Plymouth,Grand Voyager,Indigo,2785.28,2019-03-15
501,Mazda,MX-5,Puce,99947.24,2018-10-26
502,Pontiac,Grand Prix,Fuscia,106416.35,2019-02-08
503,Ford,Econoline E350,Teal,74394.25,2019-04-23
504,Chevrolet,Sportvan G30,Mauv,6717.01,2019-06-11
505,Renault,Alliance,Purple,12004.09,2019-07-27
506,Mitsubishi,Montero Sport,Maroon,51452.74,2018-08-12
507,GMC,Savana,Green,47801.18,2019-07-24
508,Honda,Prelude,Yellow,137910.89,2018-08-08
509,Fiat,Nuova 500,Aquamarine,119512.29,2019-02-25
510,Mercedes-Benz,CLS-Class,Purple,102560.1,2019-05-19
511,BMW,Z3,Yellow,105233.78,2018-08-07
512,Saab,9000,Puce,145090.3,2019-06-09
513,GMC,Savana 2500,Teal,52164.0,2018-11-02
514,Mazda,B-Series,Red,145578.45,2019-07-31
515,GMC,Yukon XL 2500,Maroon,77520.51,2019-01-21
516,Maserati,430,Aquamarine,78685.05,2018-12-26
517,Mitsubishi,Excel,Crimson,96641.9,2019-06-17
518,Infiniti,QX,Turquoise,102507.37,2018-11-10
519,Buick,Roadmaster,Red,7554.2,2018-11-23
520,Mitsubishi,Truck,Purple,75657.05,2019-04-23
521,Pontiac,Montana SV6,Yellow,34465.43,2019-02-07
522,Mercedes-Benz,300E,Purple,103071.12,2018-08-05
523,Chevrolet,Corvette,Red,135664.82,2019-01-27
524,Toyota,Camry Solara,Mauv,146474.43,2019-03-27
525,Audi,Allroad,Aquamarine,43321.31,2018-10-29
526,BMW,7 Series,Teal,137027.66,2019-04-28
527,Kia,Amanti,Purple,40880.15,2019-05-08
528,Dodge,Ram 2500 Club,Maroon,62801.17,2019-07-02
529,Infiniti,FX,Red,129938.38,2018-08-28
530,Kia,Sportage,Indigo,62643.97,2019-03-31
531,Cadillac,Allante,Turquoise,131554.29,2018-12-02
532,Volkswagen,Golf,Red,119344.39,2018-09-09
533,Chevrolet,Cavalier,Turquoise,84789.22,2019-02-13
534,Ford,Aerostar,Turquoise,123448.95,2019-04-02
535,Volkswagen,Cabriolet,Teal,134446.35,2019-05-31
536,Honda,CR-V,Mauv,11716.44,2019-05-01
537,Jaguar,XJ Series,Orange,51132.75,2018-12-02
538,Infiniti,M,Aquamarine,129823.55,2018-09-10
539,Ford,F-Series,Violet,32257.8,2019-05-06
540,Dodge,Ram Van 3500,Red,91512.84,2018-12-23
541,Nissan,Sentra,Orange,11578.54,2019-05-24
542,Oldsmobile,Cutlass Supreme,Orange,33859.38,2018-10-02
543,Chevrolet,Express 3500,Puce,29602.35,2019-06-05
544,Jaguar,X-Type,Goldenrod,5748.11,2018-09-01
545,Hyundai,Tiburon,Khaki,98091.6,2019-05-14
546,Saturn,Ion,Goldenrod,69789.59,2018-08-04
547,Chevrolet,Colorado,Indigo,14927.81,2018-08-11
548,Jaguar,XJ Series,Violet,125033.17,2019-05-29
549,Ford,E150,Orange,118576.0,2019-03-13
550,Volkswagen,GTI,Mauv,82063.68,2018-08-05
551,Toyota,Solara,Yellow,45917.64,2019-03-18
552,Mitsubishi,Lancer,Pink,51808.84,2019-03-14
553,Buick,Skyhawk,Teal,92555.07,2019-05-26
554,Ford,F350,Teal,5416.09,2019-01-05
555,Pontiac,Trans Sport,Yellow,132199.45,2019-03-09
556,Mazda,Mazda6,Yellow,24173.73,2018-11-13
557,Mazda,Mazdaspeed 3,Green,83174.91,2019-02-03
558,Nissan,280ZX,Pink,129495.72,2019-06-08
559,Mercedes-Benz,C-Class,Red,110395.72,2019-03-03
560,Plymouth,Grand Voyager,Violet,124520.38,2019-05-10
561,Nissan,Xterra,Aquamarine,149772.68,2019-02-02
562,Maybach,62,Purple,42521.51,2019-02-22
563,Mazda,626,Khaki,102435.9,2018-11-02
564,Jaguar,XK Series,Orange,6002.61,2018-11-16
565,GMC,Yukon,Violet,84741.12,2019-01-25
566,Ford,Focus,Violet,139348.34,2018-08-16
567,Chevrolet,Corvette,Yellow,98543.39,2018-12-02
568,Mercury,Capri,Crimson,24058.68,2018-12-31
569,Jeep,Grand Cherokee,Yellow,105762.23,2018-08-17
570,Honda,Civic,Purple,91795.82,2019-07-01
571,Lamborghini,Diablo,Yellow,17423.51,2019-06-29
572,Lincoln,Continental,Green,137254.96,2019-07-30
573,Chrysler,Town & Country,Mauv,4535.53,2019-03-20
574,GMC,Safari,Yellow,9588.86,2018-10-04
575,Mazda,RX-7,Indigo,37281.85,2018-09-08
576,Ford,Ranger,Turquoise,3881.57,2018-08-16
577,Buick,Somerset,Goldenrod,92108.44,2018-10-07
578,Audi,S4,Blue,30791.14,2019-01-30
579,Lexus,RX,Aquamarine,8442.45,2019-05-05
580,Ford,Crown Victoria,Purple,131753.2,2018-09-01
581,Chevrolet,Impala,Puce,62323.65,2019-03-06
582,Ford,Expedition EL,Pink,117783.88,2019-06-08
583,GMC,Savana 1500,Crimson,149175.46,2018-10-18
584,Suzuki,SX4,Pink,13649.18,2019-06-22
585,Chrysler,200,Red,89376.94,2019-04-22
586,Audi,A8,Fuscia,85371.02,2018-11-05
587,Lincoln,MKS,Aquamarine,91392.65,2019-07-10
588,Rolls-Royce,Phantom,Pink,92228.48,2019-02-17
589,Toyota,Paseo,Teal,142123.21,2018-10-13
590,Chrysler,Town & Country,Crimson,135076.55,2018-12-06
591,Dodge,Ram 2500,Fuscia,110121.05,2019-07-02
592,Jeep,Liberty,Aquamarine,79750.24,2019-07-28
593,Dodge,Ram 2500,Aquamarine,66783.61,2019-06-07
594,Ford,F-Series Super Duty,Blue,89476.66,2018-09-05
595,BMW,550,Blue,48548.84,2019-07-25
596,Pontiac,Firebird,Khaki,37520.65,2019-07-18
597,Dodge,D250,Puce,119361.99,2019-04-26
598,Volkswagen,Cabriolet,Indigo,5277.16,2019-02-07
599,Volkswagen,Passat,Yellow,114586.64,2018-08-26
600,Chevrolet,Corvette,Puce,61935.36,2019-02-05
601,Subaru,Brat,Orange,90379.02,2019-07-19
602,Volvo,850,Violet,13829.18,2018-12-12
603,Ford,EXP,Blue,93954.51,2018-12-12
604,Cadillac,Escalade,Violet,5794.03,2018-08-24
605,Lamborghini,Gallardo,Indigo,103144.18,2019-04-29
606,Toyota,Matrix,Indigo,77035.56,2019-03-08
607,Toyota,Echo,Puce,101088.38,2019-01-07
608,Nissan,Pathfinder,Aquamarine,2471.74,2018-08-25
609,Jaguar,XK Series,Indigo,86988.39,2018-09-16
610,Pontiac,Grand Prix,Orange,37386.78,2019-01-01
611,Scion,xB,Puce,116858.36,2019-04-26
612,Ford,E150,Crimson,34051.8,2018-10-16
613,Ferrari,F430,Goldenrod,102890.63,2018-11-10
614,Chevrolet,Corsica,Red,20753.89,2019-06-03
615,BMW,M5,Purple,53783.92,2019-02-27
616,Nissan,Rogue,Teal,133087.5,2019-05-30
617,Mitsubishi,L300,Red,14806.58,2018-09-22
618,Dodge,Dakota,Indigo,98592.07,2019-05-04
619,Chevrolet,S10,Orange,54160.34,2019-02-10
620,Ford,Bronco II,Red,93861.5,2019-03-20
621,Pontiac,Firebird,Blue,104957.33,2018-08-18
622,Infiniti,QX,Khaki,97215.49,2019-06-29
623,Buick,LeSabre,Teal,8781.93,2019-04-12
624,Chevrolet,Corvette,Turquoise,100716.76,2018-12-03
625,Mercedes-Benz,C-Class,Khaki,23786.2,2018-10-23
626,Volkswagen,Jetta III,Goldenrod,81611.67,2018-12-11
627,Saab,9-5,Green,135760.37,2018-12-09
628,Chrysler,PT Cruiser,Red,93557.19,2019-07-09
629,Acura,NSX,Yellow,65864.62,2018-09-30
630,Mazda,626,Purple,26809.17,2019-05-04
631,Lincoln,LS,Turquoise,22715.6,2019-03-26
632,Volkswagen,Cabriolet,Goldenrod,54638.84,2018-08-18
633,Buick,LeSabre,Fuscia,52354.88,2018-11-12
634,Pontiac,Safari,Turquoise,21638.13,2019-07-16
635,Hyundai,Sonata,Mauv,23318.29,2018-10-22
636,Land Rover,Range Rover,Maroon,116237.51,2019-03-02
637,Volkswagen,Golf III,Mauv,118417.54,2018-08-30
638,GMC,Sierra 2500,Aquamarine,16124.96,2019-04-24
639,BMW,3 Series,Turquoise,16977.54,2019-01-20
640,Volvo,S60,Indigo,105628.1,2018-09-30
641,Toyota,Camry,Teal,5685.66,2019-06-10
642,Maserati,Coupe,Indigo,143634.46,2018-12-24
643,Pontiac,Grand Prix,Khaki,124524.48,2019-06-25
644,Honda,S2000,Teal,100126.44,2018-12-11
645,Hyundai,Veracruz,Blue,49881.41,2018-09-10
646,Lexus,LX,Yellow,91003.6,2019-04-17
647,Maserati,Karif,Crimson,117819.89,2019-01-29
648,Volvo,XC90,Pink,87271.93,2019-07-24
649,Hyundai,Azera,Crimson,19696.69,2019-07-19
650,Chrysler,Prowler,Purple,117783.25,2019-05-23
651,Ford,Econoline E250,Blue,117796.76,2019-07-09
652,Chevrolet,Express 2500,Violet,63290.5,2018-08-28
653,Jeep,Compass,Crimson,134458.58,2019-07-15
654,Toyota,TundraMax,Green,77833.24,2018-09-16
655,Audi,S6,Teal,74936.61,2019-07-28
656,Saab,900,Teal,7777.35,2018-12-25
657,Mazda,Mazda6,Teal,113653.46,2018-09-29
658,GMC,Savana,Khaki,80639.37,2018-12-28
659,Cadillac,Seville,Maroon,66475.63,2018-12-06
660,Acura,RL,Crimson,128825.88,2019-06-17
661,Kia,Optima,Crimson,149995.66,2019-05-01
662,Audi,Allroad,Mauv,1555.02,2018-10-27
663,Mercedes-Benz,SLK55 AMG,Teal,4303.57,2018-09-04
664,Nissan,200SX,Goldenrod,108056.43,2019-03-06
665,GMC,Savana 3500,Goldenrod,46971.11,2018-10-19
666,Acura,Legend,Orange,79333.62,2018-11-09
667,BMW,Z4 M,Purple,69863.93,2019-01-26
668,Ford,F250,Maroon,129603.79,2019-05-19
669,Saab,9-5,Red,18091.2,2019-02-06
670,Toyota,Prius,Goldenrod,105185.93,2019-01-12
671,Audi,V8,Indigo,125256.77,2019-03-17
672,Pontiac,Aztek,Blue,13576.48,2018-08-21
673,BMW,Z3,Teal,75604.51,2019-03-10
674,Toyota,Yaris,Red,94654.63,2019-07-04
675,GMC,Suburban 2500,Goldenrod,55787.82,2018-10-02
676,Porsche,944,Goldenrod,7243.76,2018-11-07
677,Ford,Econoline E350,Teal,24466.33,2018-10-31
678,Chevrolet,Express 2500,Puce,2733.67,2018-11-27
679,Chevrolet,Cobalt,Aquamarine,139795.67,2019-04-16
680,Lotus,Esprit,Aquamarine,93115.94,2019-06-03
681,Infiniti,G,Red,57396.25,2018-09-20
682,Ford,F-Series,Green,89777.58,2019-04-21
683,Mercedes-Benz,S-Class,Blue,17985.69,2019-03-03
684,BMW,M3,Teal,74657.0,2018-09-14
685,Chrysler,Town & Country,Violet,3705.63,2019-01-30
686,Mercedes-Benz,W126,Red,68034.06,2019-01-13
687,Mitsubishi,Pajero,Mauv,11234.23,2019-03-10
688,Isuzu,Oasis,Orange,70082.28,2018-12-27
689,Chrysler,PT Cruiser,Teal,113363.98,2019-06-06
690,GMC,Envoy,Green,53053.67,2018-12-18
691,Mitsubishi,Eclipse,Teal,105596.47,2019-05-13
692,Pontiac,Grand Am,Teal,116291.37,2019-02-15
693,Ford,F150,Goldenrod,141421.11,2018-08-02
694,Suzuki,Grand Vitara,Puce,87192.46,2019-03-12
695,BMW,Z3,Maroon,87025.9,2019-02-20
696,Chevrolet,Camaro,Orange,117080.57,2018-12-06
697,Mercedes-Benz,M-Class,Blue,55017.4,2018-12-05
698,Lincoln,Continental,Yellow,118270.31,2019-03-26
699,Dodge,Avenger,Indigo,126272.54,2019-03-20
700,Pontiac,6000,Red,25378.23,2018-08-24
701,Mitsubishi,Mirage,Puce,113429.57,2019-04-14
702,Suzuki,Daewoo Magnus,Purple,17100.16,2019-03-27
703,Audi,Quattro,Maroon,29984.35,2019-05-20
704,Volkswagen,Golf,Turquoise,135017.26,2019-03-15
705,Porsche,Cayenne,Green,102386.24,2019-04-07
706,Chevrolet,Corvette,Blue,75915.1,2019-06-11
707,Chevrolet,Silverado,Maroon,35217.36,2019-05-30
708,Mazda,B-Series Plus,Indigo,35226.49,2019-03-17
709,Daihatsu,Rocky,Teal,75308.72,2019-04-07
710,Dodge,Shadow,Turquoise,16420.99,2019-02-28
711,Ford,Escort,Puce,88867.82,2018-08-24
712,Chevrolet,Sportvan G30,Goldenrod,91428.94,2019-04-28
713,Dodge,Ram 2500,Puce,66762.51,2018-10-09
714,Ford,Fusion,Blue,50704.32,2019-04-10
715,Ford,Explorer,Yellow,47920.21,2018-12-17
716,Chevrolet,Blazer,Maroon,20517.81,2019-07-28
717,Cadillac,SRX,Blue,117987.55,2019-05-05
718,Hyundai,Azera,Puce,94271.25,2019-04-27
719,Jaguar,XJ Series,Red,95344.65,2018-09-26
720,BMW,530,Indigo,107654.9,2019-05-29
721,Scion,iQ,Green,80577.48,2019-05-28
722,Volkswagen,Phaeton,Khaki,125447.2,2019-04-09
723,Ford,Crown Victoria,Violet,29202.05,2019-03-30
724,GMC,Safari,Puce,75850.54,2019-03-16
725,GMC,Sierra 3500,Indigo,61993.67,2019-05-27
726,Kia,Carens,Fuscia,127714.8,2018-09-24
727,Mitsubishi,Lancer Evolution,Purple,64130.25,2019-05-20
728,Ford,Windstar,Violet,51636.72,2018-08-29
729,Chevrolet,Suburban,Yellow,131562.88,2019-01-11
730,Toyota,Sequoia,Goldenrod,123486.09,2019-07-23
731,Ford,Freestar,Teal,52197.07,2018-10-26
732,Ford,Focus,Khaki,4221.13,2018-12-01
733,Mercedes-Benz,CLK-Class,Khaki,72297.0,2019-07-10
734,Pontiac,Firefly,Puce,56430.98,2018-10-03
735,Toyota,Prius,Goldenrod,13725.92,2019-01-29
736,BMW,5 Series,Fuscia,121216.02,2019-07-28
737,Chevrolet,Classic,Violet,132077.19,2019-01-20
738,Toyota,Matrix,Green,95736.73,2018-08-05
739,Chevrolet,Suburban 1500,Orange,92169.59,2019-07-25
740,Dodge,Challenger,Goldenrod,78921.11,2019-03-06
741,Mercedes-Benz,CLS-Class,Orange,114577.66,2018-11-04
742,Buick,Regal,Maroon,139341.07,2019-03-27
743,Nissan,Armada,Yellow,74961.97,2018-11-16
744,Mitsubishi,Diamante,Goldenrod,7609.57,2018-10-01
745,Nissan,Sentra,Aquamarine,61137.03,2019-02-13
746,Ford,Mustang,Indigo,81464.68,2018-11-17
747,Eagle,Talon,Maroon,145230.6,2018-11-21
748,Volvo,V40,Puce,92210.42,2018-09-01
749,Suzuki,Swift,Pink,7361.55,2018-09-15
750,Ford,Expedition,Aquamarine,127327.85,2019-02-08
751,Acura,RL,Yellow,49681.67,2018-10-15
752,Subaru,Impreza,Indigo,135028.65,2019-02-03
753,Chrysler,Sebring,Crimson,57564.73,2019-01-09
754,Cadillac,Escalade,Blue,122185.19,2018-08-27
755,Mitsubishi,Raider,Aquamarine,47270.86,2019-07-01
756,Chevrolet,3500,Puce,65206.85,2019-07-20
757,Chevrolet,Venture,Yellow,72711.43,2018-11-21
758,Lexus,LS,Red,89100.33,2019-07-19
759,Smart,Fortwo,Pink,31912.05,2019-01-15
760,Hyundai,Tiburon,Pink,54271.86,2018-12-04
761,Pontiac,G5,Indigo,56667.2,2018-12-27
762,Ford,F-Series Super Duty,Red,20691.63,2018-09-11
763,Suzuki,SJ,Blue,48391.86,2019-06-06
764,GMC,Savana 1500,Blue,15959.1,2019-02-03
765,Lexus,LS,Aquamarine,21774.12,2019-07-25
766,Scion,iQ,Green,119185.16,2019-01-14
767,Dodge,Ram Wagon B250,Violet,95433.03,2018-09-06
768,Ford,E350,Khaki,124829.43,2019-03-12
769,Saturn,Sky,Pink,30853.91,2019-03-30
770,Chevrolet,Metro,Yellow,118208.93,2019-06-19
771,Ford,F350,Maroon,40057.85,2019-02-26
772,GMC,Suburban 1500,Yellow,130969.56,2019-01-01
773,Jaguar,XK Series,Yellow,15858.28,2019-03-16
774,Saab,900,Puce,67325.96,2018-10-10
775,Chevrolet,S10,Teal,93149.56,2018-12-27
776,Toyota,Tundra,Violet,144015.26,2019-06-03
777,Dodge,Ram 2500 Club,Turquoise,35129.05,2018-10-18
778,GMC,Yukon XL,Maroon,7630.64,2018-08-11
779,Toyota,FJ Cruiser,Turquoise,24929.47,2018-09-02
780,GMC,2500,Teal,22323.96,2019-02-16
781,Chevrolet,Blazer,Orange,80821.17,2018-08-15
782,Ford,Club Wagon,Yellow,135868.23,2018-11-03
783,Nissan,Sentra,Blue,68764.46,2019-04-14
784,Volvo,960,Blue,109042.59,2018-12-01
785,Mercedes-Benz,CLK-Class,Teal,4132.75,2018-12-05
786,Scion,iQ,Pink,9111.11,2018-10-05
787,Ford,Explorer Sport Trac,Indigo,89551.11,2019-01-18
788,GMC,Rally Wagon 2500,Pink,82407.03,2018-10-05
789,Saab,9-5,Puce,68744.99,2018-12-24
790,Lexus,LS,Red,113706.79,2019-06-20
791,Subaru,Brat,Violet,2638.11,2019-05-14
792,Pontiac,Grand Prix,Violet,142441.58,2019-01-13
793,Chevrolet,Tahoe,Teal,113252.84,2019-06-27
794,GMC,Envoy XL,Yellow,78952.84,2019-02-01
795,Toyota,Celica,Violet,125582.99,2019-01-09
796,Buick,Regal,Indigo,53952.07,2018-12-21
797,Chevrolet,S10,Fuscia,5125.88,2019-03-11
798,Geo,Metro,Purple,113435.61,2019-01-18
799,Nissan,Pathfinder,Goldenrod,2917.08,2019-07-07
800,Volkswagen,Golf,Mauv,134711.76,2019-07-01
801,Ford,LTD Crown Victoria,Red,50096.74,2019-07-24
802,Ford,EXP,Violet,45799.32,2019-02-07
803,Jaguar,XF,Maroon,2765.16,2019-04-18
804,Acura,NSX,Indigo,86410.94,2018-12-21
805,Dodge,Ram 3500,Khaki,139899.08,2019-07-29
806,Land Rover,Range Rover,Purple,100465.81,2018-08-10
807,Mitsubishi,Endeavor,Red,47878.31,2018-11-28
808,Dodge,Ram Van 3500,Orange,51267.51,2018-08-24
809,Infiniti,IPL G,Red,24217.38,2018-10-24
810,Plymouth,Voyager,Teal,22577.94,2019-04-12
811,Volvo,S60,Pink,58215.48,2019-06-07
812,GMC,Yukon XL 2500,Maroon,4864.64,2019-02-01
813,Chrysler,300M,Orange,16559.96,2019-04-07
814,Land Rover,LR3,Maroon,27241.24,2019-07-09
815,Bentley,Continental GT,Mauv,16692.29,2019-01-15
816,Ford,F350,Puce,42487.73,2018-09-23
817,Mitsubishi,Mirage,Khaki,27652.31,2019-04-11
818,Buick,LeSabre,Orange,7416.65,2018-11-25
819,Lincoln,Continental,Crimson,23776.77,2018-10-05
820,GMC,Sierra 3500,Purple,106450.28,2019-01-17
821,Hyundai,Elantra,Mauv,2007.92,2018-08-04
822,Honda,Odyssey,Indigo,73687.79,2018-09-20
823,Mercedes-Benz,500SEL,Violet,149369.05,2018-08-06
824,Nissan,Quest,Khaki,91338.56,2019-02-19
825,BMW,Z3,Khaki,126677.63,2019-04-01
826,Suzuki,Daewoo Lacetti,Mauv,84395.25,2019-03-30
827,Audi,Allroad,Turquoise,20296.35,2019-04-30
828,Toyota,4Runner,Turquoise,91033.15,2019-04-03
829,Chevrolet,Aveo,Violet,141223.07,2018-10-30
830,Ford,Fusion,Indigo,24831.95,2019-01-23
831,Subaru,Outback,Purple,123458.52,2019-02-25
832,Chevrolet,Avalanche 1500,Maroon,114915.54,2019-05-20
833,Mercedes-Benz,C-Class,Khaki,114607.87,2018-09-15
834,Subaru,Loyale,Blue,144598.1,2018-10-07
835,Toyota,Xtra,Turquoise,42027.54,2018-11-26
836,BMW,6 Series,Turquoise,60739.01,2018-09-11
837,MINI,Clubman,Orange,37636.7,2019-07-04
838,Saturn,VUE,Red,9259.84,2019-06-02
839,Dodge,Ram 2500,Blue,54364.99,2019-05-28
840,Daihatsu,Charade,Aquamarine,23728.21,2019-01-26
841,Lotus,Elise,Yellow,83480.6,2018-08-26
842,Lexus,SC,Red,103213.36,2019-01-31
843,Mercedes-Benz,GL-Class,Aquamarine,53408.62,2019-02-24
844,Subaru,Alcyone SVX,Khaki,42114.02,2018-12-31
845,Buick,LeSabre,Orange,62510.09,2018-10-23
846,Chrysler,PT Cruiser,Orange,58210.19,2018-09-28
847,Ford,Explorer,Green,44997.18,2019-07-29
848,Mitsubishi,Montero Sport,Turquoise,31009.44,2019-03-28
849,Lexus,GX,Aquamarine,54323.36,2019-02-01
850,GMC,Savana,Yellow,57913.84,2018-09-01
851,Chevrolet,1500,Maroon,127946.45,2019-03-31
852,Maserati,228,Purple,7714.7,2019-07-17
853,Audi,A4,Aquamarine,123584.54,2019-01-24
854,Mitsubishi,Chariot,Maroon,127951.32,2019-02-27
855,Mazda,MPV,Maroon,54756.6,2018-12-12
856,Mazda,Protege5,Pink,42526.67,2018-10-30
857,Ford,Bronco,Orange,54006.23,2019-01-20
858,Pontiac,Gemini,Pink,36303.78,2019-07-01
859,Kia,Spectra,Crimson,36914.5,2019-07-10
860,Bentley,Continental GTC,Mauv,50032.39,2019-07-04
861,Dodge,Caravan,Indigo,68577.52,2019-05-27
862,Ford,F-Series,Crimson,41386.4,2019-07-05
863,Lincoln,Town Car,Turquoise,53133.38,2018-09-20
864,Toyota,Yaris,Aquamarine,1785.95,2019-06-19
865,Volvo,960,Red,48539.27,2019-01-16
866,Chevrolet,Suburban 1500,Goldenrod,121773.75,2018-08-06
867,Land Rover,Range Rover Evoque,Purple,56331.27,2018-12-28
868,Plymouth,Grand Voyager,Red,136951.92,2019-06-30
869,Mercury,Cougar,Maroon,99492.2,2018-08-11
870,Kia,Optima,Violet,78660.1,2019-03-17
871,Saab,9-5,Green,37894.59,2019-06-22
872,Toyota,Supra,Maroon,96662.78,2019-06-20
873,Suzuki,Swift,Purple,12751.46,2018-11-13
874,Chevrolet,Camaro,Puce,136475.77,2019-05-31
875,Audi,5000S,Khaki,57501.91,2019-01-12
876,Ford,Econoline E350,Violet,120706.08,2019-07-08
877,Mazda,Tribute,Pink,42401.14,2018-09-04
878,Lamborghini,Diablo,Mauv,78976.3,2019-07-29
879,Jaguar,XJ,Mauv,37644.75,2018-11-13
880,Hummer,H1,Teal,64733.84,2018-10-04
881,Pontiac,Safari,Mauv,73404.5,2019-07-24
882,Lamborghini,Murciélago,Aquamarine,35277.31,2019-07-21
883,Ford,E350,Khaki,95078.43,2018-09-19
884,Porsche,Boxster,Fuscia,104715.01,2019-03-27
885,Isuzu,i-350,Teal,124914.26,2019-02-06
886,Toyota,Supra,Orange,90571.28,2018-11-26
887,Isuzu,Hombre,Red,25858.5,2019-04-24
888,Volkswagen,Beetle,Khaki,60024.39,2019-04-09
889,Audi,A4,Turquoise,123658.7,2019-01-26
890,Toyota,Camry Solara,Fuscia,47262.52,2019-06-21
891,Volvo,S80,Blue,2268.3,2018-10-27
892,Ford,Crown Victoria,Turquoise,86055.75,2018-09-27
893,GMC,Yukon XL 2500,Red,48069.54,2019-02-27
894,Nissan,Maxima,Red,78411.22,2019-06-10
895,Mercedes-Benz,SL-Class,Teal,131061.9,2018-09-08
896,Dodge,Grand Caravan,Violet,84039.44,2018-10-14
897,Ford,LTD Crown Victoria,Maroon,108293.36,2018-08-31
898,Ford,F350,Pink,99072.07,2018-11-04
899,Infiniti,G,Indigo,47738.93,2018-10-31
900,Ford,Taurus,Khaki,71556.83,2019-05-15
901,Mercedes-Benz,M-Class,Indigo,39278.74,2018-09-16
902,Nissan,Pathfinder,Khaki,25675.64,2019-01-08
903,Pontiac,Bonneville,Indigo,129890.56,2019-02-14
904,Dodge,Ram 2500 Club,Goldenrod,31086.52,2019-06-30
905,Ford,Thunderbird,Green,146265.03,2018-08-14
906,Pontiac,Sunfire,Orange,119851.95,2019-04-26
907,Kia,Sephia,Orange,54115.51,2019-05-24
908,Buick,Century,Crimson,120299.05,2019-04-17
909,Mercedes-Benz,R-Class,Fuscia,4055.02,2018-11-13
910,Ford,Ranger,Mauv,65305.13,2018-11-18
911,Toyota,Tacoma,Green,70500.03,2019-07-23
912,Lexus,GS,Maroon,145922.07,2019-02-05
913,Ford,E-Series,Indigo,139747.37,2019-06-18
914,Pontiac,Grand Prix,Green,121003.6,2018-10-03
915,Volvo,S40,Purple,6079.37,2019-01-03
916,Lincoln,MKX,Violet,91493.97,2019-06-25
917,GMC,Yukon,Pink,129748.75,2019-07-24
918,Land Rover,Range Rover,Aquamarine,92405.63,2019-01-18
919,Honda,Accord,Purple,144048.89,2018-09-19
920,Infiniti,Q,Green,73816.5,2019-03-16
921,Kia,Rio,Maroon,13335.09,2018-09-06
922,Chevrolet,Monte Carlo,Goldenrod,11272.38,2018-08-27
923,Kia,Sedona,Fuscia,132156.03,2018-08-16
924,Kia,Optima,Crimson,4181.08,2019-02-28
925,GMC,Safari,Goldenrod,56055.0,2018-08-23
926,Plymouth,Prowler,Violet,120375.31,2019-06-17
927,Mazda,Mazdaspeed 3,Teal,137687.15,2018-09-09
928,Honda,Element,Red,122678.14,2018-11-28
929,Honda,Civic,Turquoise,83377.16,2019-05-23
930,Hyundai,Accent,Fuscia,71839.89,2019-06-07
931,Pontiac,Vibe,Aquamarine,81236.34,2018-12-26
932,Lincoln,LS,Crimson,33343.76,2018-08-20
933,Bentley,Mulsanne,Maroon,149695.52,2018-12-06
934,Volkswagen,Jetta,Purple,107256.02,2018-10-19
935,Ford,Econoline E250,Crimson,62853.57,2018-11-12
936,Toyota,Camry Hybrid,Purple,8829.24,2018-09-05
937,Lexus,SC,Aquamarine,86342.08,2019-01-06
938,Buick,Century,Mauv,30905.28,2019-02-19
939,Ford,Bronco,Yellow,123999.85,2019-03-07
940,Lexus,SC,Mauv,127488.94,2018-12-19
941,Buick,Century,Violet,3240.63,2018-11-28
942,Hummer,H3,Goldenrod,111262.88,2019-05-16
943,Infiniti,G37,Red,149815.11,2018-11-09
944,Pontiac,Bonneville,Mauv,108295.64,2018-10-12
945,Land Rover,Freelander,Purple,38821.37,2019-06-17
946,Kia,Sportage,Pink,30535.64,2019-07-05
947,Chevrolet,Corvette,Fuscia,70238.48,2019-01-27
948,Ford,Expedition,Purple,6979.38,2019-02-26
949,Mercury,Villager,Aquamarine,79864.5,2019-05-15
950,Acura,ZDX,Goldenrod,59871.35,2019-02-05
951,Chrysler,Concorde,Red,9315.78,2019-07-07
952,Chevrolet,1500,Aquamarine,62606.51,2018-12-27
953,Lexus,ES,Indigo,112505.22,2018-10-11
954,Volkswagen,Golf,Blue,79897.31,2018-09-22
955,Kia,Sephia,Indigo,104306.09,2019-06-02
956,Honda,Accord,Aquamarine,65267.44,2019-02-13
957,Land Rover,Discovery,Yellow,68307.14,2019-07-31
958,Nissan,Frontier,Indigo,107355.59,2019-06-30
959,Lincoln,Navigator,Yellow,108329.38,2019-03-29
960,Maserati,Biturbo,Indigo,87436.93,2018-11-01
961,Volvo,C70,Yellow,25224.12,2019-02-17
962,Volkswagen,Corrado,Indigo,49605.49,2018-09-08
963,Oldsmobile,Silhouette,Violet,25156.67,2019-04-28
964,Mercedes-Benz,190E,Puce,38392.92,2019-05-10
965,Mazda,MX-6,Maroon,91907.76,2018-08-10
966,Jeep,Grand Cherokee,Red,75717.93,2019-07-05
967,BMW,X5,Violet,82752.64,2019-02-24
968,Chevrolet,Astro,Goldenrod,116849.98,2019-02-01
969,GMC,Sierra 1500,Yellow,97834.97,2019-04-28
970,Toyota,4Runner,Indigo,134379.4,2019-01-14
971,Lincoln,Continental,Mauv,125972.27,2018-10-28
972,BMW,530,Yellow,37997.92,2019-03-22
973,Ford,Taurus,Purple,15481.43,2019-07-15
974,Dodge,Ram 3500,Goldenrod,48746.9,2019-07-23
975,Mitsubishi,Outlander,Khaki,101793.9,2018-10-04
976,Chevrolet,Express 2500,Teal,144240.25,2019-06-03
977,Subaru,Outback,Violet,88530.0,2018-12-08
978,Chevrolet,Traverse,Green,20020.45,2019-01-09
979,Mercury,Grand Marquis,Purple,6186.85,2019-03-01
980,Mercury,Topaz,Puce,14313.33,2019-05-29
981,Dodge,Ram 2500,Goldenrod,68082.32,2018-10-12
982,Mazda,Mazda3,Mauv,145907.27,2018-08-22
983,Nissan,Rogue,Purple,26629.97,2018-11-07
984,Infiniti,QX,Yellow,11436.45,2019-04-06
985,Honda,Accord,Orange,138112.27,2019-03-23
986,Chrysler,Imperial,Pink,43859.79,2019-01-16
987,Land Rover,Range Rover,Red,91804.35,2019-07-05
988,Volkswagen,Jetta,Green,84884.21,2018-09-17
989,Chevrolet,Avalanche 1500,Teal,49154.73,2018-12-17
990,Hummer,H1,Violet,120780.29,2018-11-12
991,Jeep,Cherokee,Pink,35632.78,2019-06-27
992,Volvo,960,Yellow,142386.84,2018-09-19
993,Mitsubishi,Diamante,Orange,56048.1,2018-11-05
994,Chevrolet,Sportvan G30,Green,123496.01,2019-01-21
995,Nissan,Sentra,Pink,6584.48,2019-03-18
996,Volkswagen,Scirocco,Goldenrod,39624.81,2018-09-03
997,Kia,Sedona,Puce,31156.29,2019-04-30
998,Fillmore,Fillmore,Purple,117187.39,2018-09-25
999,Pontiac,Bonneville,Puce,52347.35,2019-06-29
1000,Chevrolet,S10 Blazer,Fuscia,51244.19,2019-02-06
